descripcion,pregunta
,kafka-streams failed to create state directory on windows
,"I have 6 names I want to give to a range of cells, but I want a userform to give the names one after another based on selection"
,can't animate animal tracking data using KML with <gx:Track> through the Google web API
,Move column B & Q to new tab & then concatenate into new cell
,AWS system manager
,TreeNode.ImageIndex in WPF
,prometheus not scraping traefik metrics
,Async storage doesnt display when i reload
,Nativescript SrcollView renders updated list only after the scroll motion is stopped
,Unable to get JSON data from an external URL properly
,Qna Maker refresh url doesnt preserve the follow up prompt created in the knowledge base
,Python: How to plot curve with given polynomial coefficients?
,How to hide operators on GridFilterPanel
,Uncaught Error: Type MatFormField does not have 'ɵmod' property
,How to check if json has a key without SwiftyJSON in swiftUI?
descripcion,pregunta
,get rid of dup ? sql oracle
,Regex to remove 1. texts within parenthesis 2.numbers
,Getting the single value of an MLArray in C# using CsMatIO API for .mat files
,Unexpected token `<=`
,How can I fix the error “” in matplotlib?
,Parsing a nested JSON file in Azure Data Factory
,How to rebuild a table in asp.net core mvc when the records are deleted using soft deletion
,Django Class based views and their cohesion
,Django loading image from url - ImageField objected has no attribute _committed
,how to hide version and name in mysql/mariadb?
,Generate Azure DevOps Release Notes
,Unable to fetch data from Firestore
,Convert query string to seo friendly url but allow others query string
,JVM memory inconsistencies on Heroku
,Cookies not getting generated when using AddCookies middleware
